{
  "base_inflow_count": 40,
  "base_inflow_totals": {
    "WETH": 2.2293043631158715,
    "EURC": 4486.279047,
    "USDC": 34324.196522
  },
  "base_outflow_count": 19,
  "base_outflow_totals": {
    "USDC": 32161.27567,
    "EURC": 4010.0
  },
  "eth_inflow_count": 62,
  "eth_inflow_totals": {
    "USDC": 98247.334635,
    "WETH": 15.572423942662503,
    "USDT": 26263.914719
  },
  "eth_outflow_count": 6,
  "eth_outflow_totals": {
    "WETH": 13.76,
    "USDC": 92699.0,
    "USDT": 25000.0
  },
  "monthly_net_flow_file": "treasury_fee_token_net_flow_monthly.csv"
}